Email,Label Asli
"Kunjungan Norwegia: Agenda Penelitian sayang, saya ingin membuat diri saya tersedia untuk beberapa pertemuan di kantor Oslo selama kunjungan saya pada hari Jumat, Senin dan Selasa. Saya percaya Bjarne akan tersedia pada hari Selasa, jika bukan hari Senin, dan karenanya ingin mengatur pertemuan perdagangan dan originasi untuk Selasa (sehingga ia dapat hadir) dan mungkin melalui masalah Energydesk pada hari Senin. Saya juga akan memberikan presentasi, mungkin pada hari Senin. Perdagangan: Kurva Opsi & Volatilitas Akan berguna untuk bertemu dengan para pedagang bersama dengan tim Bjarne untuk membantu kami meningkatkan pemahaman kami tentang masalah penilaian / lindung nilai yang dihadapi dalam opsi perdagangan (baik Eropa maupun Asia). Saya berharap untuk membahas kurva VOL dan akan membawa contoh dari pekerjaan terbaru yang dilakukan untuk meja listrik Inggris di mana generator kurva volatilitas bulanan dan kurva volatilitas setengah - jam ke depan telah dikembangkan. Originasi: Setiap masalah yang timbul dalam penawaran kompleks (mis. Reservoir kering, kontrak pengguna - waktu) dll. Mungkin dengan Didrik. Energydesk. com untuk mendukung upaya On - Going untuk memastikan keakuratan EnergyDesk. Com Systems, saya berharap dapat membantu James Stephen Nail - turun alasan beberapa perbedaan antara EnergyDesk. Com Valuation and the Oslo Book (untuk ini saya berharap dapat bertemu dengan Trond). Pilihan eksotis: Jika semuanya berjalan dengan lancar, saya berencana untuk menggulung model Asia baru yang juga harus membantu kita dalam meningkatkan kurva volatilitas listrik kita. Saya akan berada di kantor Oslo mulai Jumat sore, dan tersedia sepanjang hari Senin dan Selasa. Saya akan menginap di Grand Hotel dan mungkin dapat dihubungi di ponsel saya: 07747 86813. berharap dapat bertemu dengan Anda segera! Salam, Anjam x 35383 hal. S . Saya akan dapat dihubungi di ponsel saya untuk setiap pertanyaan mendesak dari pelanggan London: 07747 868131, atau dapat dijangkau melalui Catherine / Maret (x 2570)",Bukan Spam
"mengajar dan menjadi kaya apakah Anda ingin mengajar dan menjadi kaya? Jika Anda seorang komunikator yang termotivasi dan memenuhi syarat, saya secara pribadi akan melatih Anda untuk melakukan 3 20 menit presentasi per hari untuk memenuhi syarat prospek yang dapat saya berikan kepada Anda. Kami akan menunjukkan kepada Anda bahwa Anda dapat menghasilkan $ 400 sehari paruh waktu menggunakan sistem ini. Atau, jika Anda memiliki 20 jam per minggu, seperti dalam kasus saya, Anda dapat menghasilkan lebih dari $ 10.000 per minggu, seperti yang saya hasilkan saat ini (dapat diverifikasi, omong -omong). Ditambah lagi, saya akan memperkenalkan Anda kepada mentor saya yang menghasilkan lebih dari $ 1, 000, 000 per tahun. Banyak yang disebut, hanya sedikit yang dipilih. Peluang ini akan terbatas pada satu individu yang memenuhi syarat per negara. Lakukan panggilan dan hubungi nomor pesan yang direkam 24 jam di bawah ini. Kami akan mengambil sebanyak atau sesedikit waktu yang Anda butuhkan untuk melihat apakah program ini tepat untuk Anda. * * * 801 - 397 - 9010 * * * Harap jangan melakukan panggilan ini kecuali Anda benar -benar termotivasi uang dan memenuhi syarat. Saya membutuhkan orang yang sudah memiliki keterampilan orang dan telah menghasilkan banyak uang di masa lalu atau siap menghasilkan sejumlah besar uang di masa depan. Menantikan panggilan Anda. * * * 801 - 397 - 9010 * * * * untuk dikeluarkan dari database ini: SecCo 44 @ puitis. com 9059 DMELO - 270 BMBLL 5",Spam
Klaim kartu hadiah gratis $ 25 kmart (r)! Anda menerima surat ini karena Anda adalah anggota Sendgreatoffers. com dan berlangganan: JM @ netnoteinc. com untuk berhenti berlangganan klik di sini atau balas ke email ini dengan hapus di baris subjek - Anda juga harus menyertakan tubuh pesan ini untuk tidak diterjemahkan. Korespondensi apa pun tentang produk / layanan harus diarahkan ke perusahaan dalam iklan. % em % jm @ netnoteinc. com % / em %,Spam
"Status Visa Saya ingin memberi Anda informasi tentang status visa saya. Visa HLB saya saat ini berakhir pada tanggal 15 Januari 2000. Aplikasi perpanjangan visa HLB saya telah diajukan ke INS oleh Milenia Soto, pengacara imigrasi Enron. Saya berbicara dengan Milenia Soto kemarin dan mengetahui bahwa dia belum menerima tanda terima, namun, dia mengatakan kepada saya bahwa sangat legal untuk bekerja berdasarkan fakta bahwa aplikasi untuk perpanjangan telah diajukan ke INS. Milenia Soto telah menerima tanda terima dari INS dari Paket Aplikasi Perubahan Status saya yang mencakup pengajuan aplikasi untuk perubahan status, izin kerja, pembebasan bersyarat lanjutan dan cetak jari. Sebelumnya, aplikasi I - 140 saya disetujui oleh INS selama minggu pertama September 1999. Jika Anda memerlukan informasi tambahan dan / atau ingin menghubungi Milenia Soto, nomor teleponnya adalah (713) 522 0141. Hormat kami, amitava dhar",Bukan Spam
Pemasangan peralatan yang Anda pesan selesai - - - Sistem Pemberitahuan Otomatis (Permintaan #: ECTH - 4 RSTT 6) Diminta untuk: Vince J Kaminski diminta oleh: Shirley Crenshaw Pemasangan peralatan (lihat di bawah) telah selesai. EN 6600 128 MB Dipasang di Desktop EN 6600 Desktop P 3 - 600 10 GB 64 MB 32 X NT 4. 0 EN 6600 128 MB Dipasang di Desktop,Bukan Spam
"Semua perangkat lunak grafis tersedia, versi OEM murah. Selamat pagi, kami kami menawarkan paket OEM terbaru dari semua grafik dan perangkat lunak publishinq dari Corel, Macromedia, Adobe dan lainnya. $ 80 Adobe Photoshop 8. 0 / CS $ 140 Macromedia Studio MX 2004 $ 120 Adobe Acrobat 7. 0 Profesional $ 150 Adobe Premiere Pro 1. 5 $ 90 COREL DESIGNER 10 $ 90 QuickBooks 2004 Profestiveai Edition $ 75 Adobe Paqemaker 7. 0 $ 70 XARA X VL. 1 $ 75 Audisi Adobe 1. 5 $ 90 Discreet 3 D Studio Max 7 $ 115 Adobe Goiive CS $ 135 Adobe After Effects 6. 5 Standar $ 45 Adobe Premiere Elements $ 125 Corel Painter LX $ 80 Adobe Lliustrator CS $ 80 Adobe InDesign CS $ 240 Adobe Creative Suite $ 140 Adobe Framemaker 7. 1 $ 50 UIEAD COOI 3 D Studio Produksi 1. 0. 1 $ 90 Alias ​​Motion Buiider 6 Professiai $ 30 Quicken 2004 Premier Home & Biz $ 30 Adobe Photoshop Elements 3. 0 $ 110 Adobe Premiere Pro 7. 0 Pelajari lebih lanjut. . . Hormat kami, AIMA",Spam
"Vaal Medz Bagaimana cara menghemat medlcations Anda lebih dari 70 %. Phar Anthropoid MShop - Suc Mucilage Cessfull dan Terbukti Cara Untuk Menyelamatkan Mo Ikat Anda. Gauleiter v A Jauntily G Flection Al L Woodbind u Natural L Metcast Rac Selachian L I Partsong S Antropologi Val Melodramatik M dan banyak lainnya. BEST UNSTRAP T Prlces. wo phthisic rldwide shlpplng. Bentuk ER yang mudah tidak nyaman. Total IAIITY Exanimate yang percaya diri. 250, 00 Roumanian 0 pelanggan yang puas. Pesan toda ridal y dan simpan!",Spam
"Jangan lupa - Kolokium kopi pagi ini (4 - 25 - 01) Terakhir dari siswa tahun akademik ini, staf pengajar, dan staf, jangan lupa untuk berpartisipasi dalam Coffee Colloquium pagi ini (4 - 25 - 01) dari 9 : 45 hingga 10: 45 diadakan di luar kamar 124. Ini akan menjadi kolokium kopi terakhir tahun akademik ini. Berharap untuk melihat Anda di sana. Coffee Colloquium adalah pertemuan informal yang akan memungkinkan fakultas, administrasi, dan siswa kesempatan untuk berbicara, bertukar ide dan mengenal satu sama lain dengan lebih baik. Jones School Coffee Colloquium akan menjadi pertemuan reguler setiap hari Rabu (waktu yang sama, tempat yang sama) kecuali ada acara yang dijadwalkan (kuliah Dean, hari ujian, liburan). Kami biasanya memiliki kopi, teh, jus, minuman ringan, dan beberapa camilan ringan yang tersedia untuk semua yang berpartisipasi. Kathy Kathy m. Koordinator program MBA spradling Jesse h. Jones Graduate School of Management Rice University 6100 Main Street, MS 531 Houston, Texas 77005 - 1892 Telepon: (713) 348 - 3313 Faks: (713) 348 - 5251 Email: Spradlin @ Rice. edu http: / / www. beras . Edu / JGS E - Mail: Spradlin @ Rice. edu http: / / www. ruf. beras . edu / ~ jgs /",Bukan Spam
"Wawancara telepon dengan kelompok penelitian selamat pagi mr. Catanese: Resume Anda diteruskan ke kelompok penelitian dan mereka ingin melakukan wawancara telepon dengan Anda sesuka Anda. Kami lebih suka minggu 5 - 7 Juli (Senin dan Selasa, Rd dan 4 adalah hari libur), jika memungkinkan. Tolong beri tahu saya ketersediaan Anda dan di mana Anda dapat dihubungi melalui telepon dan saya akan mengoordinasikan kalender. Pewawancara adalah: Direktur Pelaksana Vince Kaminski Stinson Gibner Wakil Presiden P. v. Manajer Direktur Krishnarao Osman Sezgen Saya berharap dapat mendengar dari Anda. Hormat kami, koordinat administrasi Shirley Crenshaw Enron Corp. Kelompok Penelitian 713 /853 - 5290",Bukan Spam
"vov. Gget Rolex Mewah di Greatestpices. Potong biaya semua barang dari Rolexes, Cartiers, Bvlgaries, Frankmullers, Harry Winstons, Breguets, Jaeger - Lecoultre, Brietilings, Tagheuers dan Tudors. Mereka lo 0 k sempurna untuk pelanggan yang paling pemilih sekalipun. Anda akan diyakinkan oleh lo 0 ks yang luar biasa. Waterproof, stainlessteelbody, Sapphire Crystal Surface dan fitur -fitur indah lainnya membawa Anda perasaan mewah. LovVprice kami juga merupakan salah satu kunci utama yang harus Anda pertimbangkan. Setiap prototipe yang dimiliki, barang -barang kita juga memilikinya. CCHOOSE Orang -orang yang tahan air dengan mekanisme peretasan. http: / / qbdy. Oke . Yoyoforsheeerjoy. com / 3 pe / luv mewah yang tahan lama? memilih rentang kami terbuat dari stainlesssteel dengan permukaan kristal safir. Lebih suka baterai & kuarsa, berliku tapi adikku tidak menghasilkan apa -apa; Shion dengan jumbai yang dilemparkan ke bawah 7 kepalanya. pada waktunya saya lulusan mata",Spam
"Perangkat lunak terlokalisasi, semua bahasa tersedia. Halo, kami ingin menawarkan versi perangkat lunak yang terlokalisasi (Qerman, Prancis, Spanyol, Inggris, dan banyak lainnya). Semua perangkat lunak terdaftar dapat diunduh segera! Tidak perlu menunggu 2 - 3 minggu untuk CD Deiivery! Hanya sedikit eksampi: - Norton Lnternet Security Pro 2005 - $ 29. 95 - Windows XP Professivai dengan Versi SP 2 Fuli - $ 59. 95 - Corel Draw Graphics Suite 12 - $ 49. 95 - Dreamweaver MX 2004 (Homesite 5. 5 IncludeQ) - $ 39. 95 - Macromedia Studio MX 2004 - $ 119. 95 Cukup telusuri situs kami dan temukan perangkat lunak apa pun yang Anda butuhkan di Ianquage asli Anda! Salam Hormat, Eilis",Spam
"Undangan untuk makan malam hari Minggu dengan Vince @ 6. 30 PM HI Steve & Ben, kami merencanakan makan malam Minggu pagi (salah satu dari beberapa slot malam yang gratis dalam jadwal Vince) di: Diverso Restaurant 85 Piccadilly London WLV 9 HD Telp: 020 7491 2222 Ini hanya a Beberapa meter di sebelah kiri Park Lane Hotel di Park Lane, dekat dengan Hyde Park Corner Underground dan kami pernah ke sana sebelumnya. Vince ingin membahas perkembangan terbaru dan sepertinya kesempatan terbaik untuk melakukannya. Tolong beri tahu saya jika Anda bisa membuatnya dan saya bisa memastikan meja dipesan sesuai. Salam, Anjam x 35383 hal. S . Vince akan menginap di Park Lane Hotel, nomor telepon 0171 499 6321",Bukan Spam
"Perbarui pemberitahuan catatan perbankan online Anda tentang akses akun terbatas sebagai bagian dari langkah -langkah keamanan kami, kami secara teratur menyaring aktivitas dalam sistem perbankan. Kami baru -baru ini memperhatikan masalah berikut di akun Anda: kami ingin memastikan bahwa akun Anda tidak diakses oleh pihak ketiga yang tidak sah. Karena melindungi keamanan akun Anda adalah perhatian utama kami, kami memiliki akses terbatas ke fitur akun sensitif. Kami memahami bahwa ini mungkin merupakan ketidaknyamanan tetapi harap dipahami bahwa batasan sementara ini adalah untuk perlindungan Anda. Nomor ID Kasus: PP - 090 - 292 - 753 untuk perlindungan Anda, kami memiliki akses terbatas ke akun Anda sampai langkah -langkah keamanan tambahan dapat diselesaikan. Kami mohon maaf atas ketidaknyamanan yang mungkin ditimbulkan. Untuk meninjau akun Anda dan beberapa atau semua informasi yang digunakan Bank of West untuk membuat keputusan untuk membatasi akses akun Anda, silakan kunjungi tautan di bawah ini: Jika, setelah meninjau informasi akun Anda, Anda mencari klarifikasi lebih lanjut tentang akses akun Anda, Silakan hubungi Bank of the West dengan mengunjungi Pusat Bantuan dan mengklik ""Hubungi Kami"". Kami berterima kasih atas perhatian Anda yang cepat untuk masalah ini. Harap dipahami bahwa ini adalah tindakan keamanan yang dimaksudkan untuk membantu melindungi Anda dan akun Anda. Kami mohon maaf atas ketidaknyamanan ini. Hormat kami, Bank of the West Account Review Departemen ID Email PP 522 Harap jangan membalas email ini. Kotak surat ini tidak dipantau dan Anda tidak akan menerima tanggapan.",Spam
"CPLEX STINSON, terlampir adalah detail dari pembelian CPLEX. Jika semua orang setuju, saya akan berasumsi bahwa EBS bertanggung jawab atas 1/3 dari biaya (dengan pajak dll. Harus mendekati $ 15.000). Krishna dan Grant, bagaimana menurut Anda? - Samer ""Kim Turley"" pada 05/25/2000 02: 22: 30 PM Harap tanggapi ke: CC: Subjek: Revisi ILOG Kutipan 5 - 25 - 00 Hi Chonawee, Anda benar, saya memang membuat kesalahan pada perhitungan tersebut , meskipun tidak tepat 2/3 dari 3 kutipan Pak sebelumnya. Maaf tentang itu dan senang Anda menangkapnya. Saya dikalikan dengan 1. 5 dan saya bermaksud menggunakan 1. 3. Kami telah mendiskontokan penempatan Paks yang kami diskon oleh kuantitas. Bagan kami dimulai dengan 3 pak jadi saya mengambil nomor itu dari daftar harga kami dan dikalikan dengan 1. 3 untuk mendapatkan 14, 560. 00. Untuk 2 penempatan, saya mengambil $ 4, 500 untuk satu, ditambah diskon 10 % untuk lisensi kedua 4, 050, lalu kali 1. 3 = 11, 115. 00. Ini adalah kutipan yang direvisi. Saya memeriksa nomor lainnya lagi dan mereka benar. Sekali lagi, saya minta maaf atas kesalahannya. Salam, * * * * * * * * * * * * * * * * * * * * * * * * * * * * Mei 25 Mei 2000 Enron Corporation Seorang pengguna tunggal cplex v 6. 6 Lisensi Pengembangan dengan Perpustakaan Callable dan Campuran Integer, 2 CPLEX Floating Deployment Lisensi dengan Integer Campuran dan 2 Studio OPL, semuanya dengan pemeliharaan tahun pertama dan menang di Intel PC. Setelah Anda memiliki lisensi pengembangan CPLEX dengan layanan pemeliharaan dan pembaruan, maka Anda dapat membeli lisensi penyebaran (jalankan waktu / lisensi derivatif pekerjaan) Item 1 Deskripsi Biaya - - - - - - - - - - - - - - - - - - - - - - - - - - - - - - - - - - - - - - - - - - - - - - - - - - - - - - - - - - - - - 1 1 lisensi pengembangan mengambang cplex, perpustakaan yang dapat dipanggil, integer campuran $ 15, 300. 00 2 Pemeliharaan pada Butir 1 2, 295. 00 3 2 OPL Studio 10, 000. 00 4 Pemeliharaan pada item 3 3.000. 00 5 2 CPLEX Deployment Floating / Mixed Integer 11, 115. 00 6 Pemeliharaan pada Butir 5 1, 667. 25 - - - - - - - - - - - - - Total $ 43, 377. 25 Biaya layanan pemeliharaan dan pembaruan tahunan (opsional) adalah 15 % dari biaya lisensi. Pelanggan bertanggung jawab atas dan harus menambahkan pajak penjualan yang berlaku, Pajak Nilai - Tambah (AD Valorem), tugas atau pajak transaksi lainnya yang terkait dengan penjualan. Kutipan ini perusahaan selama 30 hari dan tunduk pada ketentuan Perjanjian Lisensi ILOG dan Perjanjian Pemeliharaan ILOG. Pesanan Informasi Faks Pesanan Pembelian (dengan alamat pengiriman dan penagihan yang jelas) untuk mencocokkan barang -barang di atas, perhatian Kim Turley. Segera setelah kami menerima pesanan pembelian Anda, kami akan mengirimkan perangkat lunak dan secara bersamaan mengirimkan faktur melalui surat terpisah untuk pembayaran. Syarat pembayaran bersih 30. Salam, Kim Turley Ilog Penjualan Langsung Ilog Inc. , Kantor Danau Tahoe 889 Alder Avenue, Suite 200 Incline Village, NV 89451, USA Telepon: (775) 832 - 1960, ext. 130 Faks: (775) 831 - 7755 Email: kturley @ ilog. com Sudahkah Anda mengunduh salinan OPL Studio gratis? Jika tidak, silakan kunjungi: http: / / www. ilog. com / produk / oplstudio / ilog: menyalakan perangkat lunak Anda http: / / www. ilog. com http: / / www. cplex. com Tanya saya tentang pelatihan kami - AMPL 15 - 16 Juni - Pelatihan Studio OPL Berikutnya, Juni 2000 hal. S . Mulai sekarang hingga 30 Juni 2000, penerima lisensi ILOG CPLEX apa pun dapat memperoleh ILOG OPL Studio hanya dengan $ 5.000 (diskon 50 %). Tanyakan tentang detailnya!",Bukan Spam
"Penghargaan Hadiah Promosi Lotere Elektronik! ! ! Dari: Promotor Lotere Berlisensi Terakreditasi Pemerintah. Pemberitahuan pemenang untuk Kategori \ ""A \"" pemenang Lucky Winner, Re: Elektronik Lotto Promotion Prize Awards Pemberitahuan Pemenang Kami dengan senang hati memberi tahu Anda tentang hasil penarikan final tahunan yang baru saja disimpulkan dari program Lotto International Belanda. Draws cyber online dilakukan dari daftar eksklusif 25.000 E - alamat surat dari badan individu dan perusahaan yang dipilih oleh pencarian komputer acak otomatis canggih dari Internet. Tidak ada tiket yang dijual. Setelah pemungutan suara komputer otomatis ini, alamat E - email Anda muncul sebagai salah satu dari dua pemenang dalam kategori \ ""A \"" dengan yang berikut: Nomor REF: PC 390 ES 214 Nomor Batch: 26371545 - LNI / 2005 Nomor Tiket: PCP 002 871 Anda serta pemenang lainnya karena itu akan menerima hadiah uang tunai 1, 500.000. 00. (Satu juta, hanya lima ratus ribu euro) masing -masing dari total pembayaran. Penghargaan Hadiah Anda telah diasuransikan dengan alamat E - email Anda dan akan ditransfer kepada Anda setelah memenuhi persyaratan kami, kewajiban hukum, verifikasi, validasi, dan laporan yang memuaskan. Untuk memulai pemrosesan klaim dari kemenangan hadiah Anda, Anda disarankan untuk menghubungi agen klaim kami yang berlisensi dan terakreditasi untuk kategori \ ""A \"" pemenang dengan informasi di bawah ini: MR. Van Bell, Direktur Departemen Remitansi, Telp: + 31 617 186 560 E - Mail: vanbell @ nzoomail. com VanBell 2005 @ Web - Mail. com. AR Anda juga disarankan untuk memberinya informasi yang terdaftar di bawah sesegera mungkin: 1. Nama dalam 2 penuh. Alamat 3. Kebangsaan 4. Usia 5. Pekerjaan 6. Catatan Telepon / Faks: Semua kemenangan harus diklaim selambat -lambatnya 14 hari. Setelah ini dana yang tidak diklaim ini akan dimasukkan dalam tiang pancang berikutnya. Ingatlah untuk mengutip informasi referensi Anda di semua korespondensi. Anda harus menjauhkan semua informasi lotre dari masyarakat umum terutama nomor referensi dan tiket Anda. (Ini penting karena kasus klaim ganda tidak akan dihibur). Anggota lembaga afiliasi secara otomatis tidak diizinkan untuk berpartisipasi dalam program ini. Terima kasih dan selamat! ! ! Hormat saya, Nyonya. Lynn Rowlands, Koordinator Game / Lotere. Lotto International Belanda www. Lotto. NL Email ini mungkin berisi informasi yang bersifat rahasia dan / atau istimewa. Informasi ini dimaksudkan semata -mata untuk penggunaan individu atau entitas yang disebutkan di atas. Jika Anda bukan penerima yang dituju, ketahuilah bahwa pengungkapan, penyalinan, distribusi, atau penggunaan konten tersebut dilarang. Jika Anda telah menerima transmisi elektronik ini dalam kesalahan, harap beri tahu pengirim melalui telepon atau kembalikan email dan hapus materi dari komputer Anda. Surat dikirim dari layanan webmail di PHP - Situs bertenaga nuke - http: / / skdclan. wwwpuntocom. com",Spam
"Dapatkan tagihan popok bayi Anda dibayar selama setahun. Keluarga Anda pasti bisa menggunakan ini, sekarang pergi. mjirartt",Spam
"Pertama - desainer level tersedia untuk citra perusahaan Anda dapat mengatakan banyak hal tentang perusahaan Anda. Ritme hidup kontemporer terlalu dinamis. Terkadang dibutuhkan beberapa detik untuk perusahaan Anda diingat atau hilang di antara pesaing. Loqo, alat tulis, atau situs web bisnis Anda sekarang! Turnaround cepat: Anda akan melihat varian Severai Iogo dalam tiga hari kerja. kepuasan karantara: kami menyediakan chanqes dalam jumlah uniimited; Anda dapat yakin: itu akan memenuhi kebutuhan Anda dan sesuai dengan bisnis Anda. Diskon FIEXIBIE: Peningkatan logo, format tambahan, pesanan curah, paket khusus. Desain Kreatif untuk Harga Kompetitif: Mulailah saat ini!",Spam
"Pesan Keamanan Online Fulton Bank Dear Pelanggan Fulton Bank Baru -baru ini Ada sejumlah besar pencurian identitas yang menargetkan pelanggan kami. Untuk melindungi akun Anda, kami mengharuskan Anda mengkonfirmasi detail perbankan Anda. Proses ini wajib, dan jika tidak selesai dalam waktu terdekat akun atau kartu kredit Anda dapat dikenakan penangguhan sementara. Untuk mengonfirmasi detail rekening bank Fulton Anda dengan aman, ikuti tautan: Catatan: Anda mungkin harus melaporkan pesan ini sebagai bukan surat sampah jika tautan pembaruan tidak berfungsi. Terima kasih atas perhatian Anda yang cepat untuk masalah ini dan terima kasih telah menggunakan Fulton Bank.",Spam
"Julie mengundang Anda ke webcam gratisnya hai manis. Ini Julie Cutey, dari layanan pribadi. Saya telah mendengar semua tentang Anda dan saya hanya perlu menyapa. Saya ingin Anda memeriksa situs web saya dan membaca semua tentang saya juga. Aksen selatan saya akan membuat Anda liar melihat momen paling intim dalam hidup saya, saya tidak bisa menunggu untuk mendengar dari Anda lucu. TTYS, http: / / OwnedBoon. com / ju 43 /",Spam
"[ILUG] Dijamin kehilangan 10 - 12 lbs dalam 30 hari 10. 206 1) Lawan risiko kanker! 2) Slim Down - Dijamin kehilangan 10 - 12 lbs dalam 30 hari 3) Dapatkan dukungan anak yang layak Anda dapatkan - Nasihat Hukum Gratis 4) Bergabunglah dengan Komunitas Single Berkuat Cepat Web 5) Mulai album foto pribadi Anda secara online! Semoga hari Anda menyenangkan, tawarkan manajer Prizemama jika Anda ingin meninggalkan daftar ini, silakan gunakan tautan di bawah ini. - - Grup Pengguna Linux Irlandia: ILUG @ Linux. yaitu http: / / www. Linux. IE / Mailman / ListInfo / ILUG untuk (UN) Informasi Berlangganan. Daftar Pemelihara: ListMaster @ Linux. yaitu",Spam
